timestamp,temperature,humidity
2025-06-23 12:54:10,37.4,33.0
2025-06-23 12:54:16,37.4,33.0
2025-06-23 12:54:21,37.4,33.0
2025-06-23 12:54:26,37.4,34.0
2025-06-23 12:54:31,37.4,34.0
2025-06-23 12:54:36,37.4,34.0
2025-06-23 12:54:41,37.4,34.0
2025-06-23 12:54:46,37.4,34.0
2025-06-23 12:54:52,37.4,34.0
2025-06-23 12:54:57,37.4,34.0
2025-06-23 12:55:02,37.4,34.0
2025-06-23 12:55:07,37.4,34.0
2025-06-23 12:55:12,37.4,34.0
2025-06-23 12:55:17,37.4,34.0
2025-06-23 12:55:22,37.4,34.0
2025-06-23 12:55:28,37.4,34.0
2025-06-23 12:55:33,37.4,34.0
2025-06-23 12:55:38,37.4,34.0
2025-06-23 12:55:43,37.4,33.0
2025-06-23 12:55:48,37.4,34.0
2025-06-23 12:55:53,36.9,34.0
2025-06-23 12:55:58,36.9,34.0
2025-06-23 12:56:04,36.9,34.0
2025-06-23 12:56:09,36.9,34.0
2025-06-23 12:56:14,36.9,34.0
2025-06-23 12:56:19,36.9,34.0
2025-06-23 12:56:24,36.9,34.0
2025-06-23 12:56:29,36.9,34.0
2025-06-23 12:56:34,36.4,34.0
2025-06-23 12:56:39,36.3,34.0
2025-06-23 12:56:44,36.3,34.0
2025-06-23 12:56:50,36.3,34.0
2025-06-23 12:56:55,36.3,34.0
2025-06-23 12:57:00,36.9,34.0
2025-06-23 12:57:05,36.9,34.0
2025-06-23 12:57:10,36.9,34.0
2025-06-23 12:57:15,36.9,34.0
2025-06-23 12:57:20,36.9,34.0
2025-06-23 12:57:26,36.9,34.0
2025-06-23 12:57:31,36.9,34.0
2025-06-23 12:57:36,36.9,34.0
2025-06-23 12:57:41,36.9,34.0
2025-06-23 12:57:46,36.9,34.0
2025-06-23 12:57:51,36.9,34.0
2025-06-23 12:57:56,36.9,34.0
2025-06-23 12:58:02,36.9,34.0
2025-06-23 12:58:07,36.9,34.0
2025-06-23 12:58:13,36.9,34.0
2025-06-23 12:58:18,36.9,34.0
2025-06-23 12:58:23,36.9,34.0
2025-06-23 12:58:29,36.9,34.0
2025-06-23 12:58:34,36.9,34.0
2025-06-23 12:58:41,36.9,34.0
2025-06-23 12:58:46,36.9,34.0
2025-06-23 12:58:51,36.9,34.0
2025-06-23 12:58:56,36.9,34.0
2025-06-23 12:59:01,36.9,34.0
2025-06-23 12:59:06,37.4,34.0
2025-06-23 12:59:11,37.4,34.0
2025-06-23 12:59:17,37.4,33.0
2025-06-23 12:59:22,37.4,33.0
2025-06-23 12:59:27,37.4,33.0
2025-06-23 12:59:32,37.4,33.0
2025-06-23 12:59:37,37.4,33.0
2025-06-23 12:59:42,37.4,33.0
2025-06-23 12:59:47,37.4,34.0
2025-06-23 12:59:53,37.4,34.0
2025-06-23 12:59:58,37.6,34.0
2025-06-23 13:00:03,37.9,34.0
2025-06-23 13:00:08,37.5,34.0
2025-06-23 13:00:13,37.4,34.0
2025-06-23 13:00:18,37.4,33.0
2025-06-23 13:00:23,37.4,33.0
2025-06-23 13:00:28,37.4,33.0
2025-06-23 13:00:33,37.4,33.0
2025-06-23 13:00:39,37.4,33.0
2025-06-23 13:00:44,37.4,33.0
2025-06-23 13:00:49,37.4,33.0
2025-06-23 13:00:54,37.4,33.0
2025-06-23 13:01:00,37.4,33.0
2025-06-23 13:01:05,37.4,33.0
2025-06-23 13:01:10,37.4,32.0
2025-06-23 13:01:15,37.4,32.0
2025-06-23 13:01:20,37.4,33.0
2025-06-23 13:01:25,37.4,33.0
2025-06-23 13:01:31,37.4,33.0
2025-06-23 13:01:37,37.4,33.0
2025-06-23 13:01:42,37.4,33.0
2025-06-23 13:01:47,37.5,34.0
2025-06-23 13:01:52,37.4,34.0
2025-06-23 13:01:57,37.6,34.0
2025-06-23 13:02:02,37.4,34.0
2025-06-23 13:02:07,37.4,34.0
2025-06-23 13:02:12,37.4,34.0
2025-06-23 13:02:18,37.4,34.0
2025-06-23 13:02:23,37.4,34.0
2025-06-23 13:02:28,36.9,34.0
2025-06-23 13:02:33,36.9,34.0
2025-06-23 13:02:38,36.9,34.0
2025-06-23 13:02:44,36.9,34.0
2025-06-23 13:02:49,36.9,34.0
2025-06-23 13:02:54,36.9,34.0
2025-06-23 13:03:01,36.9,34.0
2025-06-23 13:03:07,36.9,34.0
2025-06-23 13:03:13,36.9,34.0
2025-06-23 13:03:18,36.9,34.0
2025-06-23 13:03:23,36.9,34.0
2025-06-23 13:03:30,36.9,34.0
2025-06-23 13:03:38,36.9,34.0
2025-06-23 13:03:43,36.9,35.0
2025-06-23 13:03:48,36.9,34.0
2025-06-23 13:03:53,36.9,34.0
2025-06-23 13:03:58,36.9,34.0
2025-06-23 13:04:04,36.9,34.0
2025-06-23 13:04:10,36.9,34.0
2025-06-23 13:04:15,36.9,34.0
2025-06-23 13:04:20,36.9,34.0
2025-06-23 13:04:25,36.9,34.0
2025-06-23 13:04:30,36.9,34.0
2025-06-23 13:04:35,36.9,34.0
2025-06-23 13:04:40,36.9,34.0
2025-06-23 13:04:45,37.4,34.0
2025-06-23 13:04:51,37.4,34.0
2025-06-23 13:04:56,37.4,34.0
2025-06-23 13:05:01,37.4,34.0
2025-06-23 13:05:06,37.4,34.0
2025-06-23 13:05:11,37.4,34.0
2025-06-23 13:05:16,37.4,34.0
2025-06-23 13:05:21,37.4,34.0
2025-06-23 13:05:27,37.4,34.0
2025-06-23 13:05:32,37.4,34.0
2025-06-23 13:05:37,37.4,34.0
2025-06-23 13:05:42,37.4,34.0
2025-06-23 13:05:47,37.4,34.0
2025-06-23 13:05:52,37.4,34.0
2025-06-23 13:05:57,37.4,34.0
2025-06-23 13:06:02,37.4,34.0
2025-06-23 13:06:08,37.3,34.0
2025-06-23 13:06:13,36.9,34.0
2025-06-23 13:06:19,36.9,34.0
2025-06-23 13:06:24,36.9,34.0
2025-06-23 13:06:29,36.9,34.0
2025-06-23 13:06:34,36.9,34.0
2025-06-23 13:06:39,36.9,34.0
2025-06-23 13:06:44,36.9,34.0
2025-06-23 13:06:49,36.9,34.0
2025-06-23 13:06:54,36.9,34.0
2025-06-23 13:07:00,36.9,34.0
2025-06-23 13:07:06,36.9,34.0
2025-06-23 13:07:11,36.9,34.0
2025-06-23 13:07:16,36.9,34.0
2025-06-23 13:07:21,36.9,34.0
2025-06-23 13:07:26,36.9,34.0
2025-06-23 13:07:32,36.9,34.0
2025-06-23 13:07:37,36.9,34.0
2025-06-23 13:07:42,36.9,34.0
2025-06-23 13:07:47,36.9,34.0
2025-06-23 13:07:52,36.9,34.0
2025-06-23 13:07:58,36.9,34.0
2025-06-23 13:08:03,36.9,34.0
2025-06-23 13:08:08,36.9,34.0
2025-06-23 13:08:13,36.9,34.0
2025-06-23 13:08:18,36.9,34.0
2025-06-23 13:08:24,36.9,34.0
2025-06-23 13:08:33,36.9,34.0
2025-06-23 13:08:36,36.9,34.0
2025-06-23 13:08:42,36.9,35.0
2025-06-23 13:08:47,36.9,35.0
2025-06-23 13:08:52,36.9,35.0
2025-06-23 13:08:57,36.9,35.0
2025-06-23 13:09:02,36.9,35.0
2025-06-23 13:09:07,36.9,35.0
2025-06-23 13:09:14,36.9,35.0
2025-06-23 13:09:21,36.9,35.0
2025-06-23 13:09:27,36.9,35.0
2025-06-23 13:09:32,36.9,35.0
2025-06-23 13:09:38,36.9,35.0
2025-06-23 13:09:43,36.9,35.0
2025-06-23 13:09:48,36.9,35.0
2025-06-23 13:09:53,36.9,35.0
2025-06-23 13:09:59,36.9,35.0
2025-06-23 13:10:04,36.9,35.0
2025-06-23 13:10:09,36.9,35.0
2025-06-23 13:10:16,36.9,35.0
2025-06-23 13:10:21,36.9,34.0
2025-06-23 13:10:28,36.9,34.0
2025-06-23 13:10:33,36.9,34.0
2025-06-23 13:10:39,36.9,34.0
2025-06-23 13:10:46,36.9,34.0
2025-06-23 13:10:50,36.9,34.0
2025-06-23 13:10:57,36.9,34.0
2025-06-23 13:11:01,36.9,34.0
2025-06-23 13:11:08,36.9,34.0
2025-06-23 13:11:13,36.9,34.0
2025-06-23 13:11:18,36.9,34.0
2025-06-23 13:11:24,36.9,34.0
2025-06-23 13:11:29,36.9,34.0
2025-06-23 13:11:34,36.4,34.0
2025-06-23 13:11:39,36.3,34.0
2025-06-23 13:11:44,36.3,34.0
2025-06-23 13:11:49,36.3,35.0
2025-06-23 13:11:54,36.3,34.0
2025-06-23 13:12:00,36.3,34.0
2025-06-23 13:12:05,36.3,34.0
2025-06-23 13:12:10,36.3,34.0
2025-06-23 13:12:15,36.3,34.0
2025-06-23 13:12:20,36.3,35.0
2025-06-23 13:12:25,36.3,35.0
2025-06-23 13:12:30,35.6,35.0
2025-06-23 13:12:35,35.6,35.0
2025-06-23 13:12:41,35.6,35.0
2025-06-23 13:12:46,35.6,35.0
2025-06-23 13:12:51,35.6,35.0
2025-06-23 13:12:56,35.6,35.0
2025-06-23 13:13:01,35.6,35.0
2025-06-23 13:13:06,35.6,35.0
2025-06-23 13:13:11,35.6,35.0
2025-06-23 13:13:17,35.6,35.0
2025-06-23 13:13:22,35.6,35.0
2025-06-23 13:13:27,35.6,35.0
2025-06-23 13:13:32,35.6,35.0
2025-06-23 13:13:37,35.6,35.0
2025-06-23 13:13:42,35.6,35.0
2025-06-23 13:13:47,35.6,35.0
2025-06-23 13:13:53,35.6,35.0
2025-06-23 13:13:58,35.6,35.0
2025-06-23 13:14:03,35.6,35.0
2025-06-23 13:14:08,35.6,35.0
2025-06-23 13:14:13,35.6,35.0
2025-06-23 13:14:18,35.6,34.0
2025-06-23 13:14:23,35.6,35.0
2025-06-23 13:14:28,35.6,35.0
2025-06-23 13:14:34,35.6,35.0
2025-06-23 13:14:39,35.6,35.0
2025-06-23 13:14:44,35.6,35.0
2025-06-23 13:14:49,35.6,35.0
2025-06-23 13:14:54,35.6,35.0
2025-06-23 13:14:59,35.6,35.0
2025-06-23 13:15:04,35.6,35.0
2025-06-23 13:15:10,35.6,35.0
2025-06-23 13:15:15,35.6,35.0
2025-06-23 13:15:20,35.6,35.0
2025-06-23 13:15:25,35.6,35.0
2025-06-23 13:15:30,35.6,35.0
2025-06-23 13:15:35,35.6,35.0
2025-06-23 13:15:40,35.6,35.0
2025-06-23 13:15:45,35.6,35.0
2025-06-23 13:15:51,35.6,35.0
2025-06-23 13:15:56,35.6,35.0
2025-06-23 13:16:01,35.6,35.0
2025-06-23 13:16:06,35.6,35.0
2025-06-23 13:16:11,35.6,35.0
2025-06-23 13:16:16,35.6,35.0
2025-06-23 13:16:21,35.6,35.0
2025-06-23 13:16:27,35.6,35.0
2025-06-23 13:16:32,35.6,35.0
2025-06-23 13:16:37,35.6,35.0
2025-06-23 13:16:42,35.7,35.0
2025-06-23 13:16:47,36.3,35.0
2025-06-23 13:16:52,36.3,35.0
2025-06-23 13:16:57,36.3,35.0
2025-06-23 13:17:02,36.3,35.0
2025-06-23 13:17:08,36.3,35.0
2025-06-23 13:17:13,36.3,35.0
2025-06-23 13:17:18,36.3,35.0
2025-06-23 13:17:23,36.3,35.0
2025-06-23 13:17:28,36.3,35.0
2025-06-23 13:17:34,36.3,35.0
2025-06-23 13:17:39,36.5,35.0
2025-06-23 13:17:44,36.9,35.0
2025-06-23 13:17:49,36.9,35.0
2025-06-23 13:17:54,36.9,35.0
2025-06-23 13:17:59,36.9,35.0
2025-06-23 13:18:04,36.9,35.0
2025-06-23 13:18:10,36.9,35.0
2025-06-23 13:18:15,36.9,35.0
2025-06-23 13:18:20,36.9,35.0
2025-06-23 13:18:25,36.9,35.0
2025-06-23 13:18:30,36.9,34.0
2025-06-23 13:18:35,36.9,34.0
2025-06-23 13:18:40,36.9,34.0
2025-06-23 13:18:45,36.9,34.0
2025-06-23 13:18:51,36.9,34.0
2025-06-23 13:18:56,36.9,34.0
2025-06-23 13:19:01,36.9,34.0
2025-06-23 13:19:06,36.9,34.0
2025-06-23 13:19:11,36.9,34.0
2025-06-23 13:19:16,36.9,34.0
2025-06-23 13:19:21,36.9,34.0
2025-06-23 13:19:27,36.9,34.0
2025-06-23 13:19:32,36.9,34.0
2025-06-23 13:19:37,36.9,34.0
2025-06-23 13:19:42,36.9,34.0
2025-06-23 13:19:47,36.9,34.0
2025-06-23 13:19:52,36.9,34.0
2025-06-23 13:19:57,36.9,34.0
2025-06-23 13:20:03,36.9,34.0
2025-06-23 13:20:08,36.9,34.0
2025-06-23 13:20:13,36.9,34.0
2025-06-23 13:20:18,36.9,34.0
2025-06-23 13:20:23,36.9,34.0
2025-06-23 13:20:28,36.9,34.0
2025-06-23 13:20:34,36.9,34.0
2025-06-23 13:20:39,36.9,34.0
2025-06-23 13:20:44,36.9,34.0
2025-06-23 13:20:49,36.9,34.0
2025-06-23 13:20:54,36.9,34.0
2025-06-23 13:20:59,36.9,34.0
2025-06-23 13:21:04,36.9,34.0
2025-06-23 13:21:10,36.9,34.0
2025-06-23 13:21:15,36.9,34.0
2025-06-23 13:21:20,36.9,34.0
2025-06-23 13:21:25,36.9,34.0
2025-06-23 13:21:30,36.9,34.0
2025-06-23 13:21:35,36.9,34.0
2025-06-23 13:21:40,36.6,34.0
2025-06-23 13:21:46,36.4,34.0
2025-06-23 13:21:51,36.5,34.0
2025-06-23 13:21:56,36.9,34.0
2025-06-23 13:22:01,36.9,34.0
2025-06-23 13:22:06,36.9,34.0
2025-06-23 13:22:11,36.9,34.0
2025-06-23 13:22:16,36.9,34.0
2025-06-23 13:22:21,36.9,34.0
2025-06-23 13:22:27,36.9,34.0
2025-06-23 13:22:32,36.9,34.0
2025-06-23 13:22:37,36.9,34.0
2025-06-23 13:22:42,37.4,34.0
2025-06-23 13:22:47,37.4,34.0
2025-06-23 13:22:52,37.4,34.0
2025-06-23 13:22:57,37.4,34.0
2025-06-23 13:23:02,37.4,34.0
2025-06-23 13:23:08,37.4,34.0
2025-06-23 13:23:13,37.4,34.0
2025-06-23 13:23:18,37.4,34.0
2025-06-23 13:23:23,37.4,34.0
2025-06-23 13:23:28,37.4,34.0
2025-06-23 13:23:33,37.4,34.0
2025-06-23 13:23:38,37.4,34.0
2025-06-23 13:23:43,37.4,34.0
2025-06-23 13:23:48,38.0,33.0
2025-06-23 13:23:54,38.0,33.0
2025-06-23 13:23:59,38.0,33.0
2025-06-23 13:24:04,38.0,33.0
2025-06-23 13:24:09,38.0,33.0
2025-06-23 13:24:14,38.0,33.0
2025-06-23 13:24:19,38.0,33.0
2025-06-23 13:24:24,38.0,33.0
2025-06-23 13:24:30,38.0,32.0
2025-06-23 13:24:35,38.0,32.0
2025-06-23 13:24:40,38.0,32.0
2025-06-23 13:24:45,38.0,32.0
2025-06-23 13:24:50,38.5,32.0
2025-06-23 13:24:55,38.5,32.0
2025-06-23 13:25:00,38.5,32.0
2025-06-23 13:25:06,38.5,32.0
2025-06-23 13:25:11,38.5,32.0
2025-06-23 13:25:16,38.5,32.0
2025-06-23 13:25:21,38.5,32.0
2025-06-23 13:25:26,38.5,32.0
2025-06-23 13:25:31,38.5,32.0
2025-06-23 13:25:36,38.5,32.0
2025-06-23 13:25:41,38.5,32.0
2025-06-23 13:25:47,38.5,32.0
2025-06-23 13:25:52,38.0,32.0
2025-06-23 13:25:57,38.0,32.0
2025-06-23 13:26:02,38.0,32.0
2025-06-23 13:26:07,38.0,32.0
2025-06-23 13:26:12,38.0,32.0
2025-06-23 13:26:17,37.9,33.0
2025-06-23 13:26:22,37.4,33.0
2025-06-23 13:26:28,37.4,33.0
2025-06-23 13:26:33,37.4,33.0
2025-06-23 13:26:38,37.4,33.0
2025-06-23 13:26:43,37.4,33.0
2025-06-23 13:26:48,37.4,33.0
2025-06-23 13:26:53,37.1,33.0
2025-06-23 13:26:58,36.9,34.0
2025-06-23 13:27:03,36.9,34.0
2025-06-23 13:27:08,36.9,34.0
2025-06-23 13:27:14,36.9,34.0
2025-06-23 13:27:19,36.9,34.0
2025-06-23 13:27:24,36.9,34.0
2025-06-23 13:27:29,36.9,34.0
2025-06-23 13:27:34,36.9,34.0
2025-06-23 13:27:39,36.9,34.0
2025-06-23 13:27:44,36.9,34.0
2025-06-23 13:27:49,36.9,34.0
2025-06-23 13:27:54,36.3,34.0
2025-06-23 13:28:00,36.3,34.0
2025-06-23 13:28:05,36.3,34.0
2025-06-23 13:28:10,36.3,34.0
2025-06-23 13:28:15,36.3,34.0
2025-06-23 13:28:20,36.3,34.0
2025-06-23 13:28:25,36.3,34.0
2025-06-23 13:28:30,36.3,34.0
2025-06-23 13:28:35,36.3,34.0
2025-06-23 13:28:41,36.3,34.0
2025-06-23 13:28:46,36.3,34.0
2025-06-23 13:28:51,36.3,34.0
2025-06-23 13:28:56,36.3,34.0
2025-06-23 13:29:01,36.3,34.0
2025-06-23 13:29:06,36.3,34.0
2025-06-23 13:29:11,36.3,34.0
2025-06-23 13:29:16,36.3,34.0
2025-06-23 13:29:21,36.3,34.0
2025-06-23 13:29:26,36.3,34.0
2025-06-23 13:29:32,36.3,34.0
2025-06-23 13:29:37,36.3,34.0
2025-06-23 13:29:42,36.3,34.0
2025-06-23 13:29:47,36.3,34.0
2025-06-23 13:29:52,36.9,34.0
2025-06-23 13:29:57,36.9,34.0
2025-06-23 13:30:02,36.9,34.0
2025-06-23 13:30:07,36.9,34.0
2025-06-23 13:30:12,36.9,34.0
2025-06-23 13:30:18,36.9,34.0
2025-06-23 13:30:23,36.9,34.0
2025-06-23 13:30:28,36.9,34.0
2025-06-23 13:30:33,36.9,34.0
2025-06-23 13:30:38,36.9,34.0
2025-06-23 13:30:43,36.9,34.0
2025-06-23 13:30:48,36.9,34.0
2025-06-23 13:30:53,36.9,33.0
2025-06-23 13:30:58,36.9,33.0
2025-06-23 13:31:04,36.9,33.0
2025-06-23 13:31:09,36.9,33.0
2025-06-23 13:31:14,36.9,33.0
2025-06-23 13:31:19,36.9,33.0
2025-06-23 13:31:24,36.9,33.0
2025-06-23 13:31:29,36.9,33.0
2025-06-23 13:31:34,36.9,33.0
2025-06-23 13:31:40,36.9,33.0
2025-06-23 13:31:45,36.9,33.0
2025-06-23 13:31:50,36.9,33.0
2025-06-23 13:31:55,36.9,33.0
2025-06-23 13:32:00,36.9,33.0
2025-06-23 13:32:05,36.9,33.0
2025-06-23 13:32:10,36.9,33.0
2025-06-23 13:32:15,36.9,33.0
2025-06-23 13:32:21,36.9,33.0
2025-06-23 13:32:26,36.9,32.0
2025-06-23 13:32:31,36.3,32.0
2025-06-23 13:32:36,36.3,32.0
2025-06-23 13:32:41,36.3,33.0
2025-06-23 13:32:46,36.3,33.0
2025-06-23 13:32:51,36.3,33.0
2025-06-23 13:32:56,36.3,33.0
2025-06-23 13:33:02,36.3,34.0
2025-06-23 13:33:07,36.3,34.0
2025-06-23 13:33:12,36.3,33.0
2025-06-23 13:33:17,36.3,33.0
2025-06-23 13:33:22,36.3,33.0
2025-06-23 13:33:28,36.3,34.0
2025-06-23 13:33:33,36.3,34.0
2025-06-23 13:33:38,36.3,34.0
2025-06-23 13:33:43,36.3,34.0
2025-06-23 13:33:48,36.9,34.0
2025-06-23 13:33:53,36.9,34.0
2025-06-23 13:33:59,36.9,34.0
2025-06-23 13:34:04,36.9,34.0
2025-06-23 13:34:09,36.9,34.0
2025-06-23 13:34:14,36.9,34.0
2025-06-23 13:34:19,36.9,34.0
2025-06-23 13:34:24,36.9,34.0
2025-06-23 13:34:29,36.9,34.0
2025-06-23 13:34:34,36.9,34.0
2025-06-23 13:34:39,36.9,34.0
2025-06-23 13:34:45,36.9,34.0
2025-06-23 13:34:50,36.9,34.0
2025-06-23 13:34:55,36.9,34.0
2025-06-23 13:35:00,36.3,34.0
2025-06-23 13:35:05,36.3,34.0
2025-06-23 13:35:10,36.3,34.0
2025-06-23 13:35:15,36.3,34.0
2025-06-23 13:35:20,36.3,34.0
2025-06-23 13:35:26,36.3,34.0
2025-06-23 13:35:31,36.3,34.0
2025-06-23 13:35:36,36.3,34.0
2025-06-23 13:35:41,36.3,34.0
2025-06-23 13:35:46,36.3,34.0
2025-06-23 13:35:51,36.4,34.0
2025-06-23 13:35:56,36.3,34.0
2025-06-23 13:36:01,36.4,34.0
2025-06-23 13:36:07,36.3,34.0
2025-06-23 13:36:12,36.3,34.0
2025-06-23 13:36:17,36.3,34.0
2025-06-23 13:36:22,36.3,34.0
2025-06-23 13:36:28,36.3,34.0
2025-06-23 13:36:33,36.3,34.0
2025-06-23 13:36:38,36.3,34.0
2025-06-23 13:36:43,36.3,34.0
2025-06-23 13:36:48,36.3,34.0
2025-06-23 13:36:53,36.3,34.0
2025-06-23 13:36:59,36.3,34.0
2025-06-23 13:37:04,36.3,34.0
2025-06-23 13:37:09,36.3,34.0
2025-06-23 13:37:14,36.3,34.0
2025-06-23 13:37:19,35.6,34.0
2025-06-23 13:37:24,35.6,34.0
2025-06-23 13:37:29,35.6,34.0
2025-06-23 13:37:34,35.6,34.0
2025-06-23 13:37:39,35.6,34.0
2025-06-23 13:37:45,35.6,34.0
2025-06-23 13:37:50,35.6,34.0
2025-06-23 13:37:55,35.6,35.0
2025-06-23 13:38:00,36.3,35.0
2025-06-23 13:38:06,36.3,35.0
2025-06-23 13:38:11,36.3,35.0
2025-06-23 13:38:16,36.3,35.0
2025-06-23 13:38:21,36.3,34.0
2025-06-23 13:38:26,36.3,34.0
2025-06-23 13:38:31,36.3,34.0
2025-06-23 13:38:36,36.3,34.0
2025-06-23 13:38:41,36.3,34.0
2025-06-23 13:38:47,36.3,34.0
2025-06-23 13:38:52,36.3,34.0
2025-06-23 13:38:57,36.3,34.0
2025-06-23 13:39:02,36.3,34.0
2025-06-23 13:39:07,36.3,34.0
2025-06-23 13:39:12,36.3,34.0
2025-06-23 13:39:17,36.3,34.0
2025-06-23 13:39:22,36.3,34.0
2025-06-23 13:39:28,36.3,34.0
2025-06-23 13:39:33,36.3,34.0
2025-06-23 13:39:38,36.3,34.0
2025-06-23 13:39:43,36.3,34.0
2025-06-23 13:39:48,36.3,34.0
2025-06-23 13:39:53,36.3,34.0
2025-06-23 13:39:58,36.3,34.0
2025-06-23 13:40:03,36.3,34.0
2025-06-23 13:40:08,36.3,34.0
2025-06-23 13:40:15,36.3,34.0
2025-06-23 13:40:19,36.3,34.0
2025-06-23 13:40:24,36.3,34.0
2025-06-23 13:40:30,36.3,34.0
2025-06-23 13:40:35,36.3,34.0
2025-06-23 13:40:40,36.3,34.0
2025-06-23 13:40:45,36.0,34.0
2025-06-23 13:40:50,35.6,34.0
2025-06-23 13:40:55,35.6,34.0
2025-06-23 13:41:00,35.6,34.0
2025-06-23 13:41:05,35.6,35.0
2025-06-23 13:41:10,35.6,35.0
2025-06-23 13:41:16,35.6,35.0
2025-06-23 13:41:21,35.6,34.0
2025-06-23 13:41:26,35.6,34.0
2025-06-23 13:41:31,35.6,34.0
2025-06-23 13:41:36,35.6,34.0
2025-06-23 13:41:41,35.6,34.0
2025-06-23 13:41:46,35.6,34.0
2025-06-23 13:41:51,35.6,34.0
2025-06-23 13:41:57,35.6,34.0
2025-06-23 13:42:02,35.6,34.0
2025-06-23 13:42:07,35.6,34.0
2025-06-23 13:42:12,35.6,34.0
2025-06-23 13:42:17,35.6,34.0
2025-06-23 13:42:22,35.6,34.0
2025-06-23 13:42:27,35.6,34.0
2025-06-23 13:42:32,35.6,34.0
2025-06-23 13:42:38,35.6,34.0
2025-06-23 13:42:43,35.6,34.0
2025-06-23 13:42:48,35.6,35.0
2025-06-23 13:42:53,35.6,35.0
2025-06-23 13:42:58,35.6,35.0
2025-06-23 13:43:03,35.6,35.0
2025-06-23 13:43:08,35.6,35.0
2025-06-23 13:43:13,35.6,35.0
2025-06-23 13:43:19,35.6,35.0
2025-06-23 13:43:24,35.6,35.0
2025-06-23 13:43:29,35.6,35.0
2025-06-23 13:43:34,35.6,35.0
2025-06-23 13:43:39,35.7,35.0
2025-06-23 13:43:44,35.8,35.0
2025-06-23 13:43:49,36.3,35.0
2025-06-23 13:43:54,36.3,35.0
2025-06-23 13:43:59,36.3,35.0
2025-06-23 13:44:05,36.3,35.0
2025-06-23 13:44:10,36.3,35.0
2025-06-23 13:44:15,36.3,35.0
2025-06-23 13:44:20,36.3,34.0
2025-06-23 13:44:25,36.3,34.0
2025-06-23 13:44:30,36.3,34.0
2025-06-23 13:44:35,36.3,34.0
2025-06-23 13:44:40,36.3,34.0
2025-06-23 13:44:45,36.3,34.0
2025-06-23 13:44:51,36.3,34.0
2025-06-23 13:44:56,36.3,34.0
2025-06-23 13:45:01,36.3,34.0
2025-06-23 13:45:06,36.3,34.0
2025-06-23 13:45:11,36.3,34.0
2025-06-23 13:45:16,36.3,34.0
2025-06-23 13:45:21,36.3,34.0
2025-06-23 13:45:26,36.3,34.0
2025-06-23 13:45:31,36.3,34.0
2025-06-23 13:45:37,36.3,34.0
2025-06-23 13:45:42,36.3,34.0
2025-06-23 13:45:47,36.3,34.0
2025-06-23 13:45:52,36.3,34.0
2025-06-23 13:45:57,36.3,34.0
2025-06-23 13:46:02,36.3,34.0
2025-06-23 13:46:07,36.3,33.0
2025-06-23 13:46:12,36.3,33.0
2025-06-23 13:46:17,36.3,33.0
2025-06-23 13:46:23,36.3,33.0
2025-06-23 13:46:28,36.3,33.0
2025-06-23 13:46:33,36.3,34.0
2025-06-23 13:46:38,36.3,34.0
2025-06-23 13:46:43,36.3,34.0
2025-06-23 13:46:48,36.3,34.0
2025-06-23 13:46:53,36.3,34.0
2025-06-23 13:46:58,36.3,34.0
2025-06-23 13:47:03,36.9,34.0
2025-06-23 13:47:09,36.9,34.0
2025-06-23 13:47:14,36.9,34.0
2025-06-23 13:47:19,36.9,34.0
2025-06-23 13:47:24,36.9,34.0
2025-06-23 13:47:29,36.9,34.0
2025-06-23 13:47:34,36.9,34.0
2025-06-23 13:47:40,36.3,34.0
2025-06-23 13:47:45,36.3,34.0
2025-06-23 13:47:50,36.3,34.0
2025-06-23 13:47:55,36.3,34.0
2025-06-23 13:48:02,36.3,34.0
2025-06-23 13:48:06,36.3,34.0
2025-06-23 13:48:11,36.3,34.0
2025-06-23 13:48:17,36.3,34.0
2025-06-23 13:48:22,36.3,34.0
2025-06-23 13:48:27,36.3,34.0
2025-06-23 13:48:32,36.3,34.0
2025-06-23 13:48:37,36.3,34.0
2025-06-23 13:48:42,36.3,34.0
2025-06-23 13:48:47,36.3,34.0
2025-06-23 13:48:52,36.3,34.0
2025-06-23 13:48:58,36.3,34.0
2025-06-23 13:49:03,36.3,34.0
2025-06-23 13:49:08,36.3,34.0
2025-06-23 13:49:13,36.3,34.0
2025-06-23 13:49:18,36.3,34.0
2025-06-23 13:49:23,36.3,34.0
2025-06-23 13:49:29,36.3,34.0
2025-06-23 13:49:34,36.3,34.0
2025-06-23 13:49:39,36.3,34.0
2025-06-23 13:49:44,36.3,34.0
2025-06-23 13:49:50,36.3,34.0
2025-06-23 13:49:55,36.3,34.0
2025-06-23 13:50:00,36.3,34.0
2025-06-23 13:50:05,36.3,34.0
2025-06-23 13:50:10,36.3,34.0
2025-06-23 13:50:15,36.3,34.0
2025-06-23 13:50:20,36.3,34.0
2025-06-23 13:50:25,36.3,34.0
2025-06-23 13:50:30,36.3,33.0
2025-06-23 13:50:36,36.3,34.0
2025-06-23 13:50:41,36.3,34.0
2025-06-23 13:50:46,36.3,34.0
2025-06-23 13:50:51,36.3,34.0
2025-06-23 13:50:56,36.3,34.0
2025-06-23 13:51:01,36.3,34.0
2025-06-23 13:51:06,36.3,34.0
2025-06-23 13:51:11,36.3,34.0
2025-06-23 13:51:17,36.3,34.0
2025-06-23 13:51:23,36.3,34.0
2025-06-23 13:51:28,36.3,34.0
2025-06-23 13:51:33,36.3,34.0
2025-06-23 13:51:38,36.3,34.0
2025-06-23 13:51:43,36.3,34.0
2025-06-23 13:51:48,36.3,34.0
2025-06-23 13:51:53,36.3,34.0
2025-06-23 13:52:00,36.3,34.0
2025-06-23 13:52:04,36.3,34.0
2025-06-23 13:52:13,36.3,34.0
2025-06-23 13:52:18,36.3,34.0
2025-06-23 13:52:23,36.3,34.0
2025-06-23 13:52:28,36.3,34.0
2025-06-23 13:52:33,36.3,34.0
2025-06-23 13:52:38,36.3,34.0
2025-06-23 13:52:43,36.3,33.0
2025-06-23 13:52:48,36.3,33.0
2025-06-23 13:52:54,36.3,33.0
2025-06-23 13:52:59,36.3,33.0
2025-06-23 13:53:04,36.3,33.0
2025-06-23 13:53:09,36.3,33.0
2025-06-23 13:53:14,36.3,33.0
2025-06-23 13:53:19,36.3,33.0
2025-06-23 13:53:25,36.3,34.0
2025-06-23 13:53:30,36.3,34.0
2025-06-23 13:53:35,36.3,34.0
2025-06-23 13:53:41,36.3,34.0
2025-06-23 13:53:46,36.3,34.0
2025-06-23 13:53:51,36.3,34.0
2025-06-23 13:53:56,36.3,34.0
2025-06-23 13:54:01,36.3,34.0
2025-06-23 13:54:06,36.3,34.0
2025-06-23 13:54:11,36.3,34.0
2025-06-23 13:54:16,36.3,34.0
2025-06-23 13:54:22,36.3,34.0
2025-06-23 13:54:27,35.9,34.0
2025-06-23 13:54:32,35.6,34.0
2025-06-23 13:54:37,35.6,34.0
2025-06-23 13:54:44,35.6,34.0
2025-06-23 13:54:48,35.6,34.0
2025-06-23 13:54:53,35.6,34.0
2025-06-23 13:54:58,35.6,34.0
2025-06-23 13:55:03,35.6,33.0
2025-06-23 13:55:09,35.6,33.0
2025-06-23 13:55:14,35.6,33.0
2025-06-23 13:55:20,35.6,33.0
2025-06-23 13:55:25,35.6,33.0
2025-06-23 13:55:30,35.6,33.0
2025-06-23 13:55:35,35.6,34.0
2025-06-23 13:55:40,35.6,34.0
2025-06-23 13:55:46,35.6,34.0
2025-06-23 13:55:51,35.6,34.0
2025-06-23 13:55:56,35.6,34.0
2025-06-23 13:56:02,35.6,34.0
2025-06-23 13:56:07,35.6,34.0
2025-06-23 13:56:12,35.6,34.0
2025-06-23 13:56:17,35.6,34.0
2025-06-23 13:56:22,35.6,33.0
2025-06-23 13:56:27,35.6,33.0
2025-06-23 13:56:32,35.6,33.0
2025-06-23 13:56:37,35.6,34.0
2025-06-23 13:56:43,35.6,34.0
2025-06-23 13:56:48,35.6,34.0
2025-06-23 13:56:53,35.6,34.0
2025-06-23 13:56:58,35.2,34.0
2025-06-23 13:57:03,35.2,34.0
2025-06-23 13:57:08,35.2,34.0
2025-06-23 13:57:14,35.2,34.0
2025-06-23 13:57:19,35.2,34.0
2025-06-23 13:57:24,35.2,34.0
2025-06-23 13:57:29,35.2,34.0
2025-06-23 13:57:34,35.2,34.0
2025-06-23 13:57:39,35.2,34.0
2025-06-23 13:57:44,35.2,34.0
2025-06-23 13:57:49,35.2,34.0
2025-06-23 13:57:55,35.2,33.0
2025-06-23 13:58:00,35.2,34.0
2025-06-23 13:58:05,35.2,34.0
2025-06-23 13:58:10,35.2,34.0
2025-06-23 13:58:16,35.2,34.0
2025-06-23 13:58:21,34.9,35.0
2025-06-23 13:58:26,35.2,34.0
2025-06-23 13:58:32,35.2,34.0
2025-06-23 13:58:37,35.0,34.0
2025-06-23 13:58:43,34.7,35.0
2025-06-23 13:58:49,34.7,35.0
2025-06-23 13:58:54,34.7,35.0
2025-06-23 13:58:59,34.8,35.0
2025-06-23 13:59:05,35.2,33.0
2025-06-23 13:59:10,35.2,34.0
2025-06-23 13:59:17,35.2,34.0
2025-06-23 13:59:23,35.2,34.0
2025-06-23 13:59:27,35.2,34.0
2025-06-23 13:59:32,35.2,34.0
2025-06-23 13:59:37,35.2,34.0
2025-06-23 13:59:43,35.2,34.0
2025-06-23 13:59:48,35.2,34.0
2025-06-23 13:59:53,35.2,34.0
2025-06-23 13:59:58,35.2,34.0
2025-06-23 14:00:03,35.2,34.0
2025-06-23 14:00:08,35.2,34.0
2025-06-23 14:00:14,35.2,34.0
2025-06-23 14:00:19,35.2,34.0
2025-06-23 14:00:24,35.2,34.0
2025-06-23 14:00:29,35.6,34.0
2025-06-23 14:00:34,35.6,34.0
2025-06-23 14:00:39,35.6,34.0
2025-06-23 14:00:44,35.6,34.0
2025-06-23 14:00:49,35.6,34.0
2025-06-23 14:00:55,35.6,34.0
2025-06-23 14:01:00,35.6,34.0
2025-06-23 14:01:05,35.6,34.0
2025-06-23 14:01:10,35.6,34.0
2025-06-23 14:01:15,35.6,34.0
2025-06-23 14:01:20,35.6,34.0
2025-06-23 14:01:26,35.6,34.0
2025-06-23 14:01:31,35.6,33.0
2025-06-23 14:01:36,35.6,33.0
2025-06-23 14:01:41,35.6,33.0
2025-06-23 14:01:46,35.6,32.0
2025-06-23 14:01:51,35.6,32.0
2025-06-23 14:01:56,35.6,31.0
2025-06-23 14:02:01,35.6,32.0
2025-06-23 14:02:07,35.6,32.0
2025-06-23 14:02:12,35.6,32.0
2025-06-23 14:02:17,36.3,32.0
2025-06-23 14:02:22,36.3,31.0
2025-06-23 14:02:31,36.3,30.0
2025-06-23 14:02:36,36.3,30.0
2025-06-23 14:02:41,36.3,30.0
2025-06-23 14:02:46,36.3,30.0
2025-06-23 14:02:51,36.3,30.0
2025-06-23 14:02:56,36.3,31.0
2025-06-23 14:03:01,36.3,31.0
2025-06-23 14:03:06,35.6,30.0
2025-06-23 14:03:12,35.6,30.0
2025-06-23 14:03:17,35.6,30.0
2025-06-23 14:03:22,35.6,30.0
2025-06-23 14:03:27,35.6,30.0
2025-06-23 14:03:32,35.6,30.0
2025-06-23 14:03:37,35.6,30.0
2025-06-23 14:03:42,35.9,30.0
2025-06-23 14:03:48,36.3,30.0
2025-06-23 14:03:53,36.3,30.0
2025-06-23 14:03:58,36.3,31.0
2025-06-23 14:04:03,36.3,31.0
2025-06-23 14:04:08,36.3,31.0
2025-06-23 14:04:13,36.3,32.0
2025-06-23 14:04:19,36.3,32.0
2025-06-23 14:04:24,36.3,32.0
2025-06-23 14:04:29,36.3,32.0
2025-06-23 14:04:34,36.3,32.0
2025-06-23 14:04:39,36.3,31.0
2025-06-23 14:04:44,36.3,31.0
2025-06-23 14:04:49,36.3,32.0
2025-06-23 14:04:54,36.3,32.0
2025-06-23 14:04:59,36.3,33.0
2025-06-23 14:05:05,36.3,33.0
2025-06-23 14:05:10,36.3,33.0
2025-06-23 14:05:15,36.3,34.0
2025-06-23 14:05:20,36.3,34.0
2025-06-23 14:05:25,35.6,34.0
2025-06-23 14:05:30,35.6,34.0
2025-06-23 14:05:35,35.6,34.0
2025-06-23 14:05:40,35.6,34.0
2025-06-23 14:05:46,35.6,34.0
2025-06-23 14:05:51,35.6,34.0
2025-06-23 14:05:56,35.2,34.0
2025-06-23 14:06:01,35.2,34.0
2025-06-23 14:06:06,35.2,33.0
2025-06-23 14:06:11,35.2,33.0
2025-06-23 14:06:16,35.2,33.0
2025-06-23 14:06:21,35.2,34.0
2025-06-23 14:06:27,35.2,34.0
2025-06-23 14:06:32,35.2,34.0
2025-06-23 14:06:37,35.2,34.0
2025-06-23 14:06:42,35.2,34.0
2025-06-23 14:06:47,35.2,34.0
2025-06-23 14:06:53,35.2,33.0
2025-06-23 14:06:58,35.2,33.0
2025-06-23 14:07:03,35.2,33.0
2025-06-23 14:07:09,35.2,33.0
2025-06-23 14:07:16,34.7,34.0
2025-06-23 14:07:21,34.7,34.0
2025-06-23 14:07:26,34.7,34.0
2025-06-23 14:07:32,34.7,34.0
2025-06-23 14:07:38,34.7,35.0
2025-06-23 14:07:43,34.7,35.0
2025-06-23 14:07:48,34.7,35.0
2025-06-23 14:07:53,34.2,35.0
2025-06-23 14:08:05,34.2,35.0
2025-06-23 14:08:25,34.2,35.0
2025-06-23 14:08:39,34.2,35.0
2025-06-23 14:08:44,33.8,36.0
2025-06-23 14:08:49,33.8,36.0
2025-06-23 14:08:54,33.8,36.0
2025-06-23 14:08:59,33.8,36.0
2025-06-23 14:09:04,33.8,36.0
2025-06-23 14:09:09,33.8,36.0
2025-06-23 14:09:15,33.8,36.0
2025-06-23 14:09:20,33.8,36.0
2025-06-23 14:09:26,33.8,36.0
2025-06-23 14:09:31,33.8,36.0
2025-06-23 14:09:36,33.8,36.0
2025-06-23 14:09:41,33.8,36.0
2025-06-23 14:09:46,33.8,36.0
2025-06-23 14:09:51,33.8,36.0
2025-06-23 14:09:57,33.8,36.0
2025-06-23 14:10:02,33.8,36.0
2025-06-23 14:10:07,33.8,36.0
2025-06-23 14:10:12,33.8,36.0
2025-06-23 14:10:18,33.8,36.0
2025-06-23 14:10:23,33.8,35.0
2025-06-23 14:10:29,33.8,36.0
2025-06-23 14:10:34,34.2,36.0
2025-06-23 14:10:39,34.2,35.0
2025-06-23 14:10:44,34.2,35.0
2025-06-23 14:10:50,34.2,35.0
2025-06-23 14:10:55,34.2,36.0
2025-06-23 14:11:01,33.8,35.0
2025-06-23 14:11:06,33.8,35.0
2025-06-23 14:11:11,33.8,35.0
2025-06-23 14:11:16,33.8,35.0
2025-06-23 14:11:22,33.8,35.0
2025-06-23 14:11:27,33.8,35.0
2025-06-23 14:11:33,33.8,35.0
2025-06-23 14:11:38,33.8,35.0
2025-06-23 14:11:43,33.8,35.0
2025-06-23 14:11:49,33.8,36.0
2025-06-23 14:11:54,33.8,36.0
2025-06-23 14:12:00,33.8,36.0
2025-06-23 14:12:05,33.8,35.0
2025-06-23 14:12:11,33.9,36.0
2025-06-23 14:12:16,34.2,36.0
2025-06-23 14:12:21,34.2,36.0
2025-06-23 14:12:26,34.2,36.0
2025-06-23 14:12:32,34.2,36.0
2025-06-23 14:12:37,34.2,36.0
2025-06-23 14:12:42,34.2,36.0
2025-06-23 14:12:47,34.2,36.0
2025-06-23 14:12:52,34.2,36.0
2025-06-23 14:12:58,34.2,36.0
2025-06-23 14:13:03,34.2,36.0
2025-06-23 14:13:17,34.2,36.0
2025-06-23 14:13:23,34.2,35.0
2025-06-23 14:13:28,34.2,35.0
2025-06-23 14:13:34,34.2,35.0
2025-06-23 14:13:39,34.2,35.0
2025-06-23 14:13:47,34.2,35.0
2025-06-23 14:13:53,34.2,35.0
2025-06-23 14:13:59,34.2,35.0
2025-06-23 14:14:04,34.2,35.0
2025-06-23 14:14:16,34.2,35.0
2025-06-23 14:14:45,34.2,35.0
2025-06-23 14:15:07,34.2,36.0
2025-06-23 14:16:07,34.2,36.0
2025-06-23 14:16:21,34.2,36.0
2025-06-23 14:17:34,34.2,36.0
2025-06-23 14:17:39,34.7,36.0
2025-06-23 14:17:50,34.7,36.0
2025-06-23 14:18:20,34.7,36.0
2025-06-23 14:19:24,34.7,36.0
2025-06-23 14:19:52,35.2,35.0
2025-06-23 14:20:19,35.2,35.0
2025-06-23 14:20:37,34.7,35.0
2025-06-23 14:21:02,34.7,35.0
2025-06-23 14:21:44,34.7,35.0
2025-06-23 14:21:54,34.7,36.0
2025-06-23 14:22:00,34.7,36.0
2025-06-23 14:22:05,34.7,36.0
2025-06-23 14:22:10,34.7,36.0
2025-06-23 14:22:15,34.7,36.0
2025-06-23 14:22:20,34.7,36.0
2025-06-23 14:22:26,34.7,36.0
2025-06-23 14:22:31,34.7,36.0
2025-06-23 14:22:36,34.7,36.0
2025-06-23 14:22:41,34.7,36.0
2025-06-23 14:22:46,34.7,36.0
2025-06-23 14:22:51,34.7,36.0
2025-06-23 14:22:57,34.7,36.0
2025-06-23 14:23:02,34.7,36.0
2025-06-23 14:23:07,34.7,36.0
2025-06-23 14:23:12,34.7,36.0
2025-06-23 14:23:17,34.7,36.0
2025-06-23 14:23:23,34.7,36.0
2025-06-23 14:23:28,34.7,36.0
2025-06-23 14:23:33,34.4,36.0
2025-06-23 14:23:38,34.2,36.0
2025-06-23 14:23:44,34.2,36.0
2025-06-23 14:23:49,34.2,36.0
2025-06-23 14:23:54,34.2,36.0
2025-06-23 14:23:59,34.2,36.0
2025-06-23 14:24:05,34.2,36.0
2025-06-23 14:24:13,34.2,36.0
2025-06-23 14:24:16,34.2,36.0
2025-06-23 14:24:21,34.2,36.0
2025-06-23 14:24:27,34.2,35.0
2025-06-23 14:24:36,34.2,35.0
2025-06-23 14:24:42,34.2,35.0
2025-06-23 14:24:47,34.2,35.0
2025-06-23 14:24:52,34.7,35.0
2025-06-23 14:24:57,34.7,35.0
2025-06-23 14:25:02,34.2,35.0
2025-06-23 14:25:08,34.2,35.0
2025-06-23 14:25:13,34.2,35.0
2025-06-23 14:25:18,34.2,35.0
2025-06-23 14:25:23,34.2,35.0
2025-06-23 14:25:28,34.2,35.0
2025-06-23 14:25:33,34.2,35.0
2025-06-23 14:25:38,34.2,35.0
2025-06-23 14:25:44,34.2,35.0
2025-06-23 14:25:49,34.2,35.0
2025-06-23 14:25:54,34.2,35.0
2025-06-23 14:26:00,34.2,35.0
2025-06-23 14:26:05,34.2,35.0
2025-06-23 14:26:10,33.8,35.0
2025-06-23 14:26:15,33.8,35.0
2025-06-23 14:26:20,33.8,35.0
2025-06-23 14:26:25,33.8,36.0
2025-06-23 14:26:31,33.8,36.0
2025-06-23 14:26:36,33.8,36.0
2025-06-23 14:26:41,33.8,36.0
2025-06-23 14:26:46,33.8,36.0
2025-06-23 14:26:51,33.8,36.0
2025-06-23 14:26:56,33.8,36.0
2025-06-23 14:27:02,33.8,36.0
2025-06-23 14:27:07,33.8,36.0
2025-06-23 14:27:12,33.8,36.0
2025-06-23 14:27:18,33.8,36.0
2025-06-23 14:27:23,33.8,36.0
2025-06-23 14:27:28,33.8,36.0
2025-06-23 14:27:33,33.8,36.0
2025-06-23 14:27:38,33.8,36.0
2025-06-23 14:27:43,33.8,36.0
2025-06-23 14:27:48,33.8,36.0
2025-06-23 14:27:53,33.8,36.0
2025-06-23 14:27:59,33.8,36.0
2025-06-23 14:28:04,33.8,36.0
2025-06-23 14:28:09,33.3,36.0
2025-06-23 14:28:14,33.3,36.0
2025-06-23 14:28:19,33.3,36.0
2025-06-23 14:28:30,33.3,36.0
2025-06-23 14:28:32,33.3,36.0
2025-06-23 14:28:36,33.3,36.0
2025-06-23 14:28:41,33.3,36.0
2025-06-23 14:28:46,33.3,36.0
2025-06-23 14:28:52,33.3,36.0
2025-06-23 14:28:58,33.3,36.0
2025-06-23 14:29:03,33.3,36.0
2025-06-23 14:29:08,33.3,36.0
2025-06-23 14:29:13,33.3,36.0
2025-06-23 14:29:19,33.3,36.0
2025-06-23 14:29:24,33.3,36.0
2025-06-23 14:29:29,33.3,36.0
2025-06-23 14:29:34,33.3,36.0
2025-06-23 14:29:39,33.3,36.0
2025-06-23 14:29:44,33.3,36.0
2025-06-23 14:29:50,33.3,36.0
2025-06-23 14:29:55,33.3,36.0
2025-06-23 14:30:00,33.3,36.0
2025-06-23 14:30:05,33.3,36.0
2025-06-23 14:30:10,33.3,36.0
2025-06-23 14:30:15,33.3,36.0
2025-06-23 14:30:22,33.3,36.0
2025-06-23 14:30:29,33.3,36.0
2025-06-23 14:30:34,33.3,36.0
2025-06-23 14:30:39,33.3,36.0
2025-06-23 14:30:44,33.3,36.0
2025-06-23 14:30:51,33.3,37.0
2025-06-23 14:30:55,33.3,37.0
2025-06-23 14:31:01,33.3,37.0
2025-06-23 14:31:06,33.3,37.0
2025-06-23 14:31:11,33.3,37.0
2025-06-23 14:31:16,33.3,37.0
2025-06-23 14:31:21,33.3,36.0
2025-06-23 14:31:26,33.3,37.0
2025-06-23 14:31:31,33.3,36.0
2025-06-23 14:31:36,33.3,36.0
2025-06-23 14:31:41,33.3,36.0
2025-06-23 14:31:47,33.3,36.0
2025-06-23 14:31:52,33.3,36.0
2025-06-23 14:31:57,33.3,36.0
2025-06-23 14:32:02,33.3,36.0
2025-06-23 14:32:07,33.3,36.0
2025-06-23 14:32:12,33.3,36.0
2025-06-23 14:32:17,33.3,36.0
2025-06-23 14:32:23,33.3,36.0
2025-06-23 14:32:31,33.3,36.0
2025-06-23 14:32:34,33.3,36.0
2025-06-23 14:32:40,33.3,37.0
2025-06-23 14:32:45,33.8,37.0
2025-06-23 14:32:50,33.8,37.0
2025-06-23 14:32:55,33.8,36.0
2025-06-23 14:33:00,33.8,36.0
2025-06-23 14:33:06,33.8,36.0
2025-06-23 14:33:13,33.8,36.0
2025-06-23 14:33:20,33.8,37.0
2025-06-23 14:33:26,33.8,36.0
2025-06-23 14:33:31,33.8,36.0
2025-06-23 14:33:36,33.5,36.0
2025-06-23 14:33:41,33.3,36.0
2025-06-23 14:33:46,33.3,36.0
2025-06-23 14:33:51,33.3,36.0
2025-06-23 14:33:56,33.3,36.0
2025-06-23 14:34:01,33.3,36.0
2025-06-23 14:34:07,33.3,36.0
2025-06-23 14:34:12,33.3,36.0
2025-06-23 14:34:17,33.3,36.0
2025-06-23 14:34:22,33.3,36.0
2025-06-23 14:34:27,33.3,36.0
2025-06-23 14:34:33,33.3,36.0
2025-06-23 14:34:38,33.3,37.0
2025-06-23 14:34:43,33.3,37.0
2025-06-23 14:34:48,33.3,37.0
2025-06-23 14:34:53,33.3,37.0
2025-06-23 14:34:58,33.4,37.0
2025-06-23 14:35:05,33.3,37.0
2025-06-23 14:35:09,33.3,37.0
2025-06-23 14:35:15,33.3,36.0
2025-06-23 14:35:20,33.3,37.0
2025-06-23 14:35:25,33.3,37.0
2025-06-23 14:35:34,33.3,37.0
2025-06-23 14:35:39,33.3,37.0
2025-06-23 14:35:44,33.3,37.0
2025-06-23 14:35:49,33.3,37.0
2025-06-23 14:35:54,33.3,37.0
2025-06-23 14:36:00,33.3,37.0
2025-06-23 14:36:05,33.3,37.0
2025-06-23 14:36:15,33.3,37.0
2025-06-23 14:36:17,33.3,37.0
2025-06-23 14:36:23,33.3,37.0
2025-06-23 14:36:29,33.3,37.0
2025-06-23 14:36:34,33.3,37.0
2025-06-23 14:36:44,33.3,37.0
2025-06-23 14:36:47,33.3,37.0
2025-06-23 14:36:52,33.3,37.0
2025-06-23 14:36:58,33.3,37.0
2025-06-23 14:37:04,33.3,37.0
2025-06-23 14:37:09,32.8,38.0
2025-06-23 14:37:14,32.8,37.0
2025-06-23 14:37:19,32.8,38.0
2025-06-23 14:37:45,32.8,38.0
2025-06-23 14:37:46,32.8,38.0
2025-06-23 14:37:51,32.8,39.0
2025-06-23 14:37:56,32.8,38.0
2025-06-23 14:38:01,32.8,38.0
2025-06-23 14:38:07,32.8,39.0
2025-06-23 14:38:12,32.8,39.0
2025-06-23 14:38:17,32.8,39.0
2025-06-23 14:38:22,32.8,39.0
2025-06-23 14:38:27,32.8,38.0
2025-06-23 14:38:32,32.8,38.0
2025-06-23 14:38:37,32.8,38.0
2025-06-23 14:38:43,32.8,38.0
2025-06-23 14:38:48,32.8,38.0
2025-06-23 14:38:53,32.8,39.0
2025-06-23 14:38:58,33.2,38.0
2025-06-23 14:39:03,33.3,38.0
2025-06-23 14:39:08,33.3,38.0
2025-06-23 14:39:13,33.3,38.0
2025-06-23 14:39:18,33.3,38.0
2025-06-23 14:39:24,33.3,38.0
2025-06-23 14:39:29,33.3,38.0
2025-06-23 14:39:34,33.3,38.0
2025-06-23 14:39:39,33.3,38.0
2025-06-23 14:39:44,33.3,38.0
2025-06-23 14:39:49,33.3,38.0
2025-06-23 14:39:54,33.3,38.0
2025-06-23 14:40:00,32.8,39.0
2025-06-23 14:40:05,32.8,39.0
2025-06-23 14:40:10,32.8,39.0
2025-06-23 14:40:16,32.8,39.0
2025-06-23 14:40:21,32.8,39.0
2025-06-23 14:40:26,33.1,38.0
2025-06-23 14:40:31,32.9,39.0
2025-06-23 14:40:36,32.8,38.0
2025-06-23 14:40:41,32.8,39.0
2025-06-23 14:40:47,33.0,38.0
2025-06-23 14:40:52,33.3,38.0
2025-06-23 14:40:57,33.3,38.0
2025-06-23 14:41:03,33.3,38.0
2025-06-23 14:41:08,33.3,38.0
2025-06-23 14:41:13,33.1,38.0
2025-06-23 14:41:19,32.8,39.0
2025-06-23 14:41:45,32.8,39.0
2025-06-23 14:41:50,32.8,39.0
2025-06-23 14:41:55,32.8,39.0
2025-06-23 14:42:00,32.8,39.0
2025-06-23 14:42:05,32.8,39.0
2025-06-23 14:42:10,32.8,39.0
2025-06-23 14:42:16,32.8,39.0
2025-06-23 14:42:21,32.8,39.0
2025-06-23 14:42:27,32.8,39.0
2025-06-23 14:42:36,32.8,39.0
2025-06-23 14:42:43,32.8,39.0
2025-06-23 14:42:50,32.8,39.0
2025-06-23 14:43:00,32.8,39.0
2025-06-23 14:43:04,32.8,39.0
2025-06-23 14:43:11,32.8,39.0
2025-06-23 14:43:20,32.8,39.0
2025-06-23 14:43:27,32.8,39.0
2025-06-23 14:43:46,32.8,39.0
2025-06-23 14:43:53,32.8,39.0
2025-06-23 14:43:59,32.8,39.0
2025-06-23 14:44:04,32.8,39.0
2025-06-23 14:44:09,32.8,39.0
2025-06-23 14:44:15,32.8,39.0
2025-06-23 14:44:20,32.8,39.0
2025-06-23 14:44:27,32.8,39.0
2025-06-23 14:44:33,32.8,39.0
2025-06-23 14:44:40,32.8,39.0
2025-06-23 14:44:46,32.8,39.0
2025-06-23 14:44:51,32.8,39.0
2025-06-23 14:44:58,32.8,39.0
2025-06-23 14:45:04,32.8,39.0
2025-06-23 14:45:10,32.8,39.0
2025-06-23 14:45:15,32.8,39.0
2025-06-23 14:45:21,32.8,39.0
2025-06-23 14:45:27,32.8,39.0
2025-06-23 14:45:33,32.8,39.0
2025-06-23 14:45:39,32.8,39.0
2025-06-23 14:45:45,32.8,39.0
2025-06-23 14:45:54,32.8,39.0
2025-06-23 14:46:00,32.8,39.0
2025-06-23 14:46:06,32.8,39.0
2025-06-23 14:46:12,32.8,39.0
2025-06-23 14:46:21,32.8,39.0
2025-06-23 14:46:28,32.8,39.0
2025-06-23 14:46:34,32.8,39.0
2025-06-23 14:46:40,32.8,39.0
2025-06-23 14:46:46,32.8,39.0
2025-06-23 14:46:52,32.8,39.0
2025-06-23 14:46:58,32.8,39.0
2025-06-23 14:47:04,32.8,40.0
2025-06-23 14:47:10,32.8,40.0
2025-06-23 14:47:16,32.8,40.0
2025-06-23 14:47:23,33.1,39.0
2025-06-23 14:47:29,33.3,39.0
2025-06-23 14:47:35,33.3,40.0
2025-06-23 14:47:42,33.3,40.0
2025-06-23 14:47:48,33.3,40.0
2025-06-23 14:47:53,33.3,39.0
2025-06-23 14:47:59,33.3,39.0
2025-06-23 14:48:05,33.3,39.0
2025-06-23 14:48:11,33.3,39.0
2025-06-23 14:48:16,33.3,39.0
2025-06-23 14:48:21,33.3,39.0
2025-06-23 14:48:27,33.3,39.0
2025-06-23 14:48:32,33.3,39.0
2025-06-23 14:48:38,33.3,39.0
2025-06-23 14:48:44,33.8,39.0
2025-06-23 14:48:49,33.8,39.0
2025-06-23 14:48:54,33.8,39.0
2025-06-23 14:49:00,33.8,39.0
2025-06-23 14:49:05,33.8,39.0
2025-06-23 14:49:11,33.8,39.0
2025-06-23 14:49:16,33.8,39.0
2025-06-23 14:49:23,33.8,39.0
2025-06-23 14:49:29,33.8,39.0
2025-06-23 14:49:34,33.3,38.0
2025-06-23 14:49:39,33.3,38.0
2025-06-23 14:49:45,33.3,38.0
2025-06-23 14:49:51,33.3,38.0
2025-06-23 14:49:58,33.3,38.0
2025-06-23 14:50:08,33.3,39.0
2025-06-23 14:50:54,33.3,38.0
2025-06-23 14:51:00,33.3,38.0
2025-06-23 14:51:05,33.3,38.0
2025-06-23 14:51:10,33.3,38.0
2025-06-23 14:51:16,33.3,38.0
2025-06-23 14:51:21,33.3,38.0
2025-06-23 14:51:26,33.3,39.0
2025-06-23 14:51:31,33.3,39.0
2025-06-23 14:51:36,33.3,39.0
2025-06-23 14:51:41,33.3,39.0
2025-06-23 14:51:48,33.3,39.0
2025-06-23 14:51:52,33.3,39.0
2025-06-23 14:51:57,33.3,39.0
2025-06-23 14:52:03,33.3,39.0
2025-06-23 14:52:08,33.3,38.0
2025-06-23 14:52:13,33.3,38.0
2025-06-23 14:52:18,33.3,38.0
2025-06-23 14:52:23,33.3,38.0
2025-06-23 14:52:28,33.3,38.0
2025-06-23 14:52:34,33.6,38.0
2025-06-23 14:52:39,33.8,38.0
2025-06-23 14:52:44,33.8,38.0
2025-06-23 14:52:49,33.8,38.0
2025-06-23 14:52:55,33.8,39.0
2025-06-23 14:53:00,33.8,39.0
2025-06-23 14:53:05,33.8,39.0
2025-06-23 14:53:10,33.8,39.0
2025-06-23 14:53:15,33.8,39.0
2025-06-23 14:53:20,33.8,39.0
2025-06-23 14:53:25,33.3,39.0
2025-06-23 14:53:30,33.3,39.0
2025-06-23 14:53:36,33.3,39.0
2025-06-23 14:53:41,33.3,39.0
2025-06-23 14:53:46,33.3,39.0
2025-06-23 14:53:51,33.3,39.0
2025-06-23 14:53:56,33.3,39.0
2025-06-23 14:54:01,33.3,39.0
2025-06-23 14:54:07,33.3,38.0
2025-06-23 14:54:13,33.3,38.0
2025-06-23 14:54:18,33.3,38.0
2025-06-23 14:54:24,33.3,38.0
2025-06-23 14:54:29,33.3,38.0
2025-06-23 14:54:34,33.3,38.0
2025-06-23 14:54:40,33.3,38.0
2025-06-23 14:54:45,33.4,38.0
2025-06-23 14:54:50,33.8,38.0
2025-06-23 14:54:55,33.8,38.0
2025-06-23 14:55:00,33.8,38.0
2025-06-23 14:55:05,33.8,38.0
2025-06-23 14:55:11,33.8,38.0
2025-06-23 14:55:16,33.8,38.0
2025-06-23 14:55:21,33.8,38.0
2025-06-23 14:55:26,33.8,38.0
2025-06-23 14:55:31,33.8,38.0
2025-06-23 14:55:36,34.1,38.0
2025-06-23 14:55:41,34.2,39.0
2025-06-23 14:55:47,34.2,39.0
2025-06-23 14:55:52,34.2,39.0
2025-06-23 14:55:57,34.2,39.0
2025-06-23 14:56:02,34.2,39.0
2025-06-23 14:56:07,34.2,39.0
2025-06-23 14:56:12,34.2,39.0
2025-06-23 14:56:17,34.2,39.0
2025-06-23 14:56:22,34.2,39.0
2025-06-23 14:56:29,34.2,39.0
2025-06-23 14:56:34,34.2,39.0
2025-06-23 14:56:39,34.2,39.0
2025-06-23 14:56:44,34.2,39.0
2025-06-23 14:56:50,34.7,39.0
2025-06-23 14:56:55,34.7,39.0
2025-06-23 14:57:00,34.7,39.0
2025-06-23 14:57:07,34.7,39.0
2025-06-23 14:57:12,34.7,39.0
2025-06-23 14:57:17,34.7,39.0
2025-06-23 14:57:24,34.7,39.0
2025-06-23 14:57:30,34.7,39.0
2025-06-23 14:57:37,35.2,38.0
2025-06-23 14:57:41,35.2,38.0
2025-06-23 14:57:47,35.2,38.0
2025-06-23 14:57:52,35.2,38.0
2025-06-23 14:57:59,35.2,38.0
2025-06-23 14:58:04,35.2,38.0
2025-06-23 14:58:10,35.2,38.0
2025-06-23 14:58:22,35.2,38.0
2025-06-23 14:58:25,35.2,37.0
2025-06-23 14:58:30,35.2,37.0
2025-06-23 14:58:36,35.2,37.0
2025-06-23 14:58:45,35.2,37.0
2025-06-23 14:58:48,35.2,37.0
2025-06-23 14:58:54,35.2,37.0
2025-06-23 14:58:59,35.2,37.0
2025-06-23 14:59:09,35.2,37.0
2025-06-23 14:59:15,35.2,36.0
2025-06-23 14:59:20,35.2,36.0
2025-06-23 14:59:27,35.4,36.0
2025-06-23 14:59:33,35.6,35.0
2025-06-23 14:59:38,35.6,35.0
2025-06-23 14:59:45,35.6,35.0
2025-06-23 15:00:01,35.6,36.0
2025-06-23 15:00:05,35.6,35.0
2025-06-23 15:00:21,35.6,35.0
2025-06-23 15:00:26,35.6,35.0
2025-06-23 15:00:32,35.6,35.0
2025-06-23 15:00:37,35.6,35.0
2025-06-23 15:00:42,36.3,35.0
2025-06-23 15:00:47,36.3,35.0
2025-06-23 15:00:53,36.3,35.0
2025-06-23 15:00:58,36.3,35.0
2025-06-23 15:01:04,36.3,35.0
2025-06-23 15:01:09,36.3,35.0
2025-06-23 15:01:14,36.9,35.0
2025-06-23 15:01:19,36.9,35.0
2025-06-23 15:01:24,36.9,35.0
2025-06-23 15:01:29,37.4,35.0
2025-06-23 15:01:34,37.4,35.0
2025-06-23 15:01:40,37.4,35.0
2025-06-23 15:01:45,38.0,34.0
2025-06-23 15:01:50,38.0,34.0
2025-06-23 15:01:55,38.0,34.0
2025-06-23 15:02:00,38.0,34.0
2025-06-23 15:02:05,37.4,35.0
2025-06-23 15:02:10,37.4,35.0
2025-06-23 15:02:16,37.4,35.0
2025-06-23 15:02:21,37.4,35.0
2025-06-23 15:02:26,37.4,35.0
2025-06-23 15:02:31,37.4,35.0
2025-06-23 15:02:36,37.4,35.0
2025-06-23 15:02:41,37.4,35.0
2025-06-23 15:02:46,37.4,35.0
2025-06-23 15:02:51,37.4,35.0
2025-06-23 15:02:57,37.4,35.0
2025-06-23 15:03:02,36.9,35.0
2025-06-23 15:03:07,36.9,35.0
2025-06-23 15:03:12,36.9,35.0
2025-06-23 15:03:17,36.9,35.0
2025-06-23 15:03:22,36.9,35.0
2025-06-23 15:03:28,36.9,35.0
2025-06-23 15:03:33,36.7,34.0
2025-06-23 15:03:38,36.3,34.0
2025-06-23 15:03:43,36.3,34.0
2025-06-23 15:03:48,36.3,35.0
2025-06-23 15:03:53,36.3,34.0
2025-06-23 15:03:58,36.3,35.0
2025-06-23 15:04:03,36.3,35.0
2025-06-23 15:04:08,36.3,35.0
2025-06-23 15:04:14,36.3,35.0
2025-06-23 15:04:19,36.3,35.0
2025-06-23 15:04:24,36.3,35.0
2025-06-23 15:04:29,36.3,35.0
2025-06-23 15:04:34,36.3,35.0
2025-06-23 15:04:39,36.3,35.0
2025-06-23 15:04:44,36.3,35.0
2025-06-23 15:04:50,36.3,35.0
2025-06-23 15:04:55,36.3,35.0
2025-06-23 15:05:00,36.3,35.0
2025-06-23 15:05:05,36.3,35.0
2025-06-23 15:05:10,36.3,35.0
2025-06-23 15:05:15,36.3,35.0
2025-06-23 15:05:21,36.3,35.0
2025-06-23 15:05:26,35.6,35.0
2025-06-23 15:05:31,35.6,35.0
2025-06-23 15:05:37,35.6,35.0
2025-06-23 15:05:42,35.6,35.0
2025-06-23 15:05:47,35.6,35.0
2025-06-23 15:05:52,35.6,35.0
2025-06-23 15:05:57,35.6,35.0
2025-06-23 15:06:02,35.2,35.0
2025-06-23 15:06:07,35.2,35.0
2025-06-23 15:06:12,35.2,35.0
2025-06-23 15:06:18,35.2,35.0
2025-06-23 15:06:23,34.9,36.0
2025-06-23 15:06:29,34.7,36.0
2025-06-23 15:06:34,34.7,36.0
2025-06-23 15:06:39,34.7,36.0
2025-06-23 15:06:44,34.7,37.0
2025-06-23 15:06:49,34.7,37.0
2025-06-23 15:06:55,34.7,37.0
2025-06-23 15:07:00,34.7,37.0
2025-06-23 15:07:05,34.7,37.0
2025-06-23 15:07:11,34.7,37.0
2025-06-23 15:07:16,34.7,37.0
2025-06-23 15:07:21,34.7,37.0
2025-06-23 15:07:26,34.7,37.0
2025-06-23 15:07:31,34.7,37.0
2025-06-23 15:07:37,34.7,37.0
2025-06-23 15:07:42,34.7,37.0
2025-06-23 15:07:47,34.7,37.0
2025-06-23 15:07:52,34.7,37.0
2025-06-23 15:07:57,34.7,37.0
2025-06-23 15:08:02,34.7,38.0
2025-06-23 15:08:07,34.7,37.0
2025-06-23 15:08:12,34.7,37.0
2025-06-23 15:08:18,34.7,37.0
2025-06-23 15:08:23,34.7,37.0
2025-06-23 15:08:28,34.7,37.0
2025-06-23 15:08:33,34.7,37.0
2025-06-23 15:08:38,34.7,37.0
2025-06-23 15:08:43,34.7,37.0
2025-06-23 15:08:49,34.7,37.0
2025-06-23 15:08:54,34.7,37.0
2025-06-23 15:08:59,34.7,37.0
2025-06-23 15:09:04,34.7,38.0
2025-06-23 15:09:09,34.7,38.0
2025-06-23 15:09:15,34.2,38.0
2025-06-23 15:09:21,34.2,38.0
2025-06-23 15:09:26,34.2,38.0
2025-06-23 15:09:31,34.2,38.0
2025-06-23 15:09:36,34.2,38.0
2025-06-23 15:09:41,34.2,38.0
2025-06-23 15:09:46,34.2,38.0
2025-06-23 15:09:52,34.2,38.0
2025-06-23 15:09:57,34.2,38.0
2025-06-23 15:10:02,34.2,38.0
2025-06-23 15:10:07,34.2,38.0
2025-06-23 15:10:12,34.2,38.0
2025-06-23 15:10:17,34.2,38.0
2025-06-23 15:10:23,34.2,38.0
2025-06-23 15:10:28,34.2,38.0
2025-06-23 15:10:35,34.2,38.0
2025-06-23 15:10:41,34.2,37.0
2025-06-23 15:10:51,34.2,38.0
2025-06-23 15:10:55,34.2,38.0
2025-06-23 15:11:00,34.2,38.0
2025-06-23 15:11:08,34.2,37.0
2025-06-23 15:11:14,34.2,38.0
2025-06-23 15:11:19,34.2,38.0
2025-06-23 15:11:26,34.5,38.0
2025-06-23 15:11:30,34.7,38.0
2025-06-23 15:11:36,34.7,38.0
2025-06-23 15:11:41,34.7,38.0
2025-06-23 15:11:46,34.7,37.0
2025-06-23 15:11:51,34.7,37.0
2025-06-23 15:11:56,34.7,37.0
2025-06-23 15:12:01,34.7,37.0
2025-06-23 15:12:06,34.7,37.0
2025-06-23 15:12:12,34.7,37.0
2025-06-23 15:12:17,34.7,38.0
2025-06-23 15:12:22,34.7,38.0
2025-06-23 15:12:27,34.7,37.0
2025-06-23 15:12:32,34.7,37.0
2025-06-23 15:12:37,34.7,37.0
2025-06-23 15:12:43,34.7,37.0
2025-06-23 15:12:48,34.7,37.0
2025-06-23 15:12:53,34.7,37.0
2025-06-23 15:12:58,34.7,37.0
2025-06-23 15:13:04,34.7,37.0
2025-06-23 15:13:09,34.7,37.0
2025-06-23 15:13:14,34.7,36.0
2025-06-23 15:13:20,34.7,36.0
2025-06-23 15:13:25,34.7,36.0
2025-06-23 15:13:30,34.7,36.0
2025-06-23 15:13:35,34.7,36.0
2025-06-23 15:13:40,34.7,36.0
2025-06-23 15:13:46,34.7,36.0
2025-06-23 15:13:51,35.2,36.0
2025-06-23 15:13:56,35.2,35.0
2025-06-23 15:14:02,35.2,36.0
2025-06-23 15:14:07,35.2,36.0
2025-06-23 15:14:12,35.2,36.0
2025-06-23 15:14:17,35.2,36.0
2025-06-23 15:14:22,35.2,36.0
2025-06-23 15:14:28,35.2,36.0
2025-06-23 15:14:33,35.2,35.0
2025-06-23 15:14:38,35.2,35.0
2025-06-23 15:14:44,35.2,35.0
2025-06-23 15:14:50,35.2,35.0
2025-06-23 15:14:55,35.2,35.0
2025-06-23 15:15:00,35.2,35.0
2025-06-23 15:15:05,35.2,35.0
2025-06-23 15:15:11,35.2,35.0
2025-06-23 15:15:16,35.2,35.0
2025-06-23 15:15:21,35.2,35.0
2025-06-23 15:15:26,35.2,35.0
2025-06-23 15:15:31,35.2,35.0
2025-06-23 15:15:37,35.2,35.0
2025-06-23 15:15:42,35.2,35.0
2025-06-23 15:15:48,35.2,36.0
2025-06-23 15:15:53,35.2,36.0
2025-06-23 15:15:58,35.2,36.0
2025-06-23 15:16:03,35.2,37.0
2025-06-23 15:16:08,35.2,37.0
2025-06-23 15:16:13,35.2,37.0
2025-06-23 15:16:18,35.2,37.0
2025-06-23 15:16:23,35.2,37.0
2025-06-23 15:16:28,35.2,37.0
2025-06-23 15:16:34,35.2,37.0
2025-06-23 15:16:39,35.2,37.0
2025-06-23 15:16:44,35.2,37.0
2025-06-23 15:16:50,35.2,37.0
2025-06-23 15:16:55,35.2,37.0
2025-06-23 15:17:00,35.2,37.0
2025-06-23 15:17:05,35.2,37.0
2025-06-23 15:17:10,35.2,37.0
2025-06-23 15:17:15,35.2,37.0
2025-06-23 15:17:21,35.2,37.0
2025-06-23 15:17:26,35.2,37.0
2025-06-23 15:17:31,35.2,37.0
2025-06-23 15:17:36,35.2,37.0
2025-06-23 15:17:41,35.2,37.0
2025-06-23 15:17:46,35.2,37.0
2025-06-23 15:17:51,35.2,37.0
2025-06-23 15:17:56,35.2,37.0
2025-06-23 15:18:02,35.2,37.0
2025-06-23 15:18:07,35.2,37.0
2025-06-23 15:18:12,34.7,38.0
2025-06-23 15:18:17,34.7,37.0
2025-06-23 15:18:22,34.7,37.0
2025-06-23 15:18:27,34.7,37.0
2025-06-23 15:18:32,34.7,37.0
2025-06-23 15:18:37,34.7,37.0
2025-06-23 15:18:43,34.7,37.0
2025-06-23 15:18:48,34.7,37.0
2025-06-23 15:18:53,34.7,36.0
2025-06-23 15:18:58,34.7,36.0
2025-06-23 15:19:03,34.7,36.0
2025-06-23 15:19:08,34.7,36.0
2025-06-23 15:19:13,34.7,36.0
2025-06-23 15:19:19,34.7,36.0
2025-06-23 15:19:24,34.7,36.0
2025-06-23 15:19:29,35.0,35.0
2025-06-23 15:19:34,35.2,35.0
2025-06-23 15:19:39,35.2,35.0
2025-06-23 15:19:44,35.2,35.0
2025-06-23 15:19:49,35.2,35.0
2025-06-23 15:19:54,35.2,35.0
2025-06-23 15:19:59,35.2,35.0
2025-06-23 15:20:05,35.2,35.0
2025-06-23 15:20:10,35.2,35.0
2025-06-23 15:20:15,35.2,35.0
2025-06-23 15:20:20,35.2,35.0
2025-06-23 15:20:25,35.2,35.0
2025-06-23 15:20:30,35.2,35.0
2025-06-23 15:20:36,35.2,35.0
2025-06-23 15:20:41,35.2,35.0
2025-06-23 15:20:46,35.2,35.0
2025-06-23 15:20:53,35.2,35.0
2025-06-23 15:20:57,35.2,35.0
2025-06-23 15:21:02,35.2,35.0
2025-06-23 15:21:07,35.2,35.0
2025-06-23 15:21:12,35.6,35.0
2025-06-23 15:21:17,35.6,35.0
2025-06-23 15:21:23,35.6,35.0
2025-06-23 15:21:28,35.6,35.0
2025-06-23 15:21:36,35.6,35.0
2025-06-23 15:21:39,35.6,35.0
2025-06-23 15:21:44,35.6,35.0
2025-06-23 15:21:50,35.6,35.0
2025-06-23 15:21:55,35.6,35.0
2025-06-23 15:22:00,35.6,35.0
2025-06-23 15:22:05,35.6,35.0
2025-06-23 15:22:10,35.6,35.0
2025-06-23 15:22:15,35.6,35.0
2025-06-23 15:22:21,35.6,35.0
2025-06-23 15:22:26,35.6,35.0
2025-06-23 15:22:31,35.6,35.0
2025-06-23 15:22:36,35.6,35.0
2025-06-23 15:22:41,35.6,35.0
2025-06-23 15:22:46,35.6,35.0
2025-06-23 15:22:52,35.6,35.0
2025-06-23 15:22:57,35.6,35.0
2025-06-23 15:23:02,35.6,35.0
2025-06-23 15:23:08,35.6,35.0
2025-06-23 15:23:13,35.6,35.0
2025-06-23 15:23:18,35.6,35.0
2025-06-23 15:23:23,35.2,35.0
2025-06-23 15:23:29,35.2,34.0
2025-06-23 15:23:40,35.2,35.0
2025-06-23 15:23:41,35.2,34.0
2025-06-23 15:23:45,35.2,35.0
2025-06-23 15:23:50,35.2,35.0
2025-06-23 15:23:55,35.2,34.0
2025-06-23 15:24:01,35.2,35.0
2025-06-23 15:24:06,35.2,35.0
2025-06-23 15:24:11,35.2,35.0
2025-06-23 15:24:16,35.2,35.0
2025-06-23 15:24:21,35.2,35.0
2025-06-23 15:24:26,35.2,35.0
2025-06-23 15:24:31,35.2,35.0
2025-06-23 15:24:36,35.2,35.0
2025-06-23 15:24:42,34.7,36.0
2025-06-23 15:24:47,34.7,36.0
2025-06-23 15:24:52,34.7,36.0
2025-06-23 15:24:57,34.7,36.0
2025-06-23 15:25:02,34.7,36.0
2025-06-23 15:25:07,34.7,36.0
2025-06-23 15:25:12,34.7,36.0
2025-06-23 15:25:18,34.7,36.0
2025-06-23 15:25:23,34.7,36.0
2025-06-23 15:25:28,34.7,36.0
2025-06-23 15:25:33,34.7,36.0
2025-06-23 15:25:38,34.7,36.0
2025-06-23 15:25:43,34.7,36.0
2025-06-23 15:25:49,34.7,36.0
2025-06-23 15:25:54,34.7,36.0
2025-06-23 15:26:00,34.7,36.0
2025-06-23 15:26:07,34.7,36.0
2025-06-23 15:26:11,34.7,36.0
2025-06-23 15:26:16,34.7,36.0
2025-06-23 15:26:21,34.7,36.0
2025-06-23 15:26:26,34.7,36.0
2025-06-23 15:26:31,34.7,36.0
2025-06-23 15:26:36,34.7,36.0
2025-06-23 15:26:41,34.7,36.0
2025-06-23 15:26:46,34.7,36.0
2025-06-23 15:26:51,34.7,36.0
2025-06-23 15:26:57,34.7,36.0
2025-06-23 15:27:02,35.0,35.0
2025-06-23 15:27:07,35.2,35.0
2025-06-23 15:27:12,35.2,36.0
2025-06-23 15:27:17,35.2,36.0
2025-06-23 15:27:22,35.2,36.0
2025-06-23 15:27:27,35.2,36.0
2025-06-23 15:27:32,35.2,36.0
2025-06-23 15:27:37,35.2,36.0
2025-06-23 15:27:43,35.2,37.0
2025-06-23 15:27:48,35.2,37.0
2025-06-23 15:27:53,35.2,37.0
2025-06-23 15:27:58,35.0,37.0
2025-06-23 15:28:03,34.7,38.0
2025-06-23 15:28:08,34.7,38.0
2025-06-23 15:28:13,34.7,37.0
2025-06-23 15:28:19,34.7,37.0
2025-06-23 15:28:24,34.7,37.0
2025-06-23 15:28:29,34.7,37.0
2025-06-23 15:28:34,34.7,36.0
2025-06-23 15:28:39,34.7,36.0
2025-06-23 15:28:44,34.7,36.0
2025-06-23 15:28:49,34.7,36.0
2025-06-23 15:28:54,34.8,36.0
2025-06-23 15:29:00,34.8,36.0
2025-06-23 15:29:05,34.8,36.0
2025-06-23 15:29:10,34.8,36.0
2025-06-23 15:29:15,34.7,36.0
2025-06-23 15:29:20,34.8,36.0
2025-06-23 15:29:25,34.9,36.0
2025-06-23 15:29:30,35.2,35.0
2025-06-23 15:29:35,35.2,35.0
2025-06-23 15:29:41,35.2,35.0
2025-06-23 15:29:46,35.2,35.0
2025-06-23 15:29:51,35.2,35.0
2025-06-23 15:29:56,35.2,35.0
2025-06-23 15:30:01,35.2,35.0
2025-06-23 15:30:06,35.2,35.0
2025-06-23 15:30:11,35.2,35.0
2025-06-23 15:30:17,35.2,35.0
2025-06-23 15:30:22,35.2,35.0
2025-06-23 15:30:27,35.2,35.0
2025-06-23 15:30:32,35.2,36.0
2025-06-23 15:30:37,35.2,36.0
2025-06-23 15:30:42,35.2,36.0
2025-06-23 15:30:47,35.2,36.0
2025-06-23 15:30:53,35.2,36.0
2025-06-23 15:30:58,35.2,36.0
2025-06-23 15:31:03,35.2,35.0
2025-06-23 15:31:08,35.2,36.0
2025-06-23 15:31:13,35.2,36.0
2025-06-23 15:31:18,35.2,36.0
2025-06-23 15:31:23,35.2,36.0
2025-06-23 15:31:28,35.2,37.0
2025-06-23 15:31:34,35.2,37.0
2025-06-23 15:31:39,35.2,37.0
2025-06-23 15:31:44,35.2,37.0
2025-06-23 15:31:49,35.2,36.0
2025-06-23 15:31:54,35.2,36.0
2025-06-23 15:32:00,35.2,36.0
2025-06-23 15:32:05,35.2,36.0
2025-06-23 15:32:12,35.2,36.0
2025-06-23 15:32:16,35.2,36.0
2025-06-23 15:32:22,35.2,35.0
2025-06-23 15:32:27,35.2,35.0
2025-06-23 15:32:32,35.2,35.0
2025-06-23 15:32:37,35.2,35.0
2025-06-23 15:32:42,35.2,35.0
2025-06-23 15:32:47,35.2,35.0
2025-06-23 15:32:53,35.2,35.0
2025-06-23 15:32:58,35.2,35.0
2025-06-23 15:33:03,35.2,35.0
2025-06-23 15:33:08,35.2,35.0
2025-06-23 15:33:13,35.2,35.0
2025-06-23 15:33:18,35.2,35.0
2025-06-23 15:33:23,35.2,34.0
2025-06-23 15:33:28,35.2,34.0
2025-06-23 15:33:33,35.2,34.0
2025-06-23 15:33:39,35.2,34.0
2025-06-23 15:33:44,35.2,34.0
2025-06-23 15:33:49,35.2,35.0
2025-06-23 15:33:54,35.2,35.0
2025-06-23 15:34:01,35.2,34.0
2025-06-23 15:34:05,35.2,34.0
2025-06-23 15:34:10,35.2,34.0
2025-06-23 15:34:16,35.2,35.0
2025-06-23 15:34:21,35.2,34.0
2025-06-23 15:34:27,35.2,34.0
2025-06-23 15:34:32,35.2,34.0
2025-06-23 15:34:37,35.2,34.0
2025-06-23 15:34:42,35.2,34.0
2025-06-23 15:34:47,35.2,35.0
2025-06-23 15:34:52,35.2,35.0
2025-06-23 15:34:57,35.2,34.0
2025-06-23 15:35:03,35.2,35.0
2025-06-23 15:35:08,35.2,34.0
2025-06-23 15:35:13,35.2,34.0
2025-06-23 15:35:18,35.2,34.0
2025-06-23 15:35:23,35.2,34.0
2025-06-23 15:35:28,35.2,35.0
2025-06-23 15:35:33,35.2,35.0
2025-06-23 15:35:38,35.2,35.0
2025-06-23 15:35:43,35.2,35.0
2025-06-23 15:35:49,35.2,35.0
2025-06-23 15:35:54,35.2,35.0
2025-06-23 15:35:59,35.2,35.0
2025-06-23 15:36:04,35.2,35.0
2025-06-23 15:36:09,34.7,36.0
2025-06-23 15:36:14,34.7,36.0
2025-06-23 15:36:19,34.7,36.0
2025-06-23 15:36:24,34.7,36.0
2025-06-23 15:36:30,34.7,36.0
2025-06-23 15:36:35,34.7,36.0
2025-06-23 15:36:40,34.7,35.0
2025-06-23 15:36:45,34.7,35.0
2025-06-23 15:36:50,34.7,35.0
2025-06-23 15:36:55,34.7,35.0
2025-06-23 15:37:00,34.7,35.0
2025-06-23 15:37:05,34.7,35.0
2025-06-23 15:37:11,34.7,36.0
2025-06-23 15:37:16,34.7,36.0
2025-06-23 15:37:25,34.7,36.0
2025-06-23 15:37:27,34.7,36.0
2025-06-23 15:37:32,34.7,36.0
2025-06-23 15:37:37,34.7,37.0
2025-06-23 15:37:42,34.7,37.0
2025-06-23 15:37:47,34.7,37.0
2025-06-23 15:37:52,34.7,37.0
2025-06-23 15:37:58,34.7,37.0
2025-06-23 15:38:03,34.7,37.0
2025-06-23 15:38:08,34.7,37.0
2025-06-23 15:38:13,34.7,37.0
2025-06-23 15:38:18,34.7,37.0
2025-06-23 15:38:23,34.7,37.0
2025-06-23 15:38:28,34.7,37.0
2025-06-23 15:38:33,34.7,37.0
2025-06-23 15:38:39,34.7,37.0
2025-06-23 15:38:44,34.7,37.0
2025-06-23 15:38:49,34.7,37.0
2025-06-23 15:38:54,34.7,37.0
2025-06-23 15:38:59,34.4,37.0
2025-06-23 15:39:04,34.2,37.0
2025-06-23 15:39:09,34.2,37.0
2025-06-23 15:39:15,34.2,37.0
2025-06-23 15:39:20,34.2,36.0
2025-06-23 15:39:26,34.2,36.0
2025-06-23 15:39:31,34.2,36.0
2025-06-23 15:39:36,34.2,36.0
2025-06-23 15:39:41,34.2,37.0
2025-06-23 15:39:46,34.2,37.0
2025-06-23 15:39:51,34.2,37.0
2025-06-23 15:39:56,34.2,37.0
2025-06-23 15:40:02,34.2,37.0
2025-06-23 15:40:07,34.2,37.0
2025-06-23 15:40:12,34.2,37.0
2025-06-23 15:40:17,34.2,37.0
2025-06-23 15:40:22,33.8,37.0
2025-06-23 15:40:27,33.8,36.0
2025-06-23 15:40:32,33.8,36.0
2025-06-23 15:40:37,33.8,36.0
2025-06-23 15:40:43,33.8,36.0
2025-06-23 15:40:48,33.8,36.0
2025-06-23 15:40:53,33.8,36.0
2025-06-23 15:40:58,33.8,36.0
2025-06-23 15:41:03,33.8,36.0
2025-06-23 15:41:08,33.8,36.0
2025-06-23 15:41:14,33.8,36.0
2025-06-23 15:41:19,33.8,36.0
2025-06-23 15:41:24,33.8,36.0
2025-06-23 15:41:29,33.8,36.0
2025-06-23 15:41:34,33.8,36.0
2025-06-23 15:41:39,33.8,36.0
2025-06-23 15:41:44,33.8,36.0
2025-06-23 15:41:49,33.8,36.0
2025-06-23 15:41:55,33.8,36.0
2025-06-23 15:42:00,33.8,36.0
2025-06-23 15:42:05,33.8,36.0
2025-06-23 15:42:10,33.8,36.0
2025-06-23 15:42:15,33.8,36.0
2025-06-23 15:42:21,33.8,36.0
2025-06-23 15:42:26,33.8,36.0
2025-06-23 15:42:31,33.8,36.0
2025-06-23 15:42:36,33.8,36.0
2025-06-23 15:42:42,33.8,36.0
2025-06-23 15:42:47,33.8,36.0
2025-06-23 15:42:52,33.8,36.0
2025-06-23 15:42:57,33.8,36.0
2025-06-23 15:43:03,33.8,36.0
2025-06-23 15:43:08,33.8,36.0
2025-06-23 15:43:13,33.8,36.0
2025-06-23 15:43:18,33.8,36.0
2025-06-23 15:43:23,33.8,36.0
2025-06-23 15:43:30,33.8,36.0
2025-06-23 15:43:34,33.8,36.0
2025-06-23 15:43:39,33.3,36.0
2025-06-23 15:43:44,33.3,36.0
2025-06-23 15:43:49,33.3,36.0
2025-06-23 15:43:55,33.3,36.0
2025-06-23 15:44:00,33.3,36.0
2025-06-23 15:44:05,33.3,36.0
2025-06-23 15:44:10,33.3,36.0
2025-06-23 15:44:15,33.3,36.0
2025-06-23 15:44:20,33.3,36.0
2025-06-23 15:44:25,33.3,36.0
2025-06-23 15:44:31,33.3,37.0
2025-06-23 15:44:36,33.3,37.0
2025-06-23 15:44:41,33.3,37.0
2025-06-23 15:44:46,33.3,37.0
2025-06-23 15:44:51,33.3,37.0
2025-06-23 15:44:56,33.3,37.0
2025-06-23 15:45:01,33.3,37.0
2025-06-23 15:45:06,33.3,37.0
2025-06-23 15:45:12,33.3,37.0
2025-06-23 15:45:17,33.3,37.0
2025-06-23 15:45:22,33.3,37.0
2025-06-23 15:45:27,33.3,37.0
2025-06-23 15:45:32,33.3,37.0
2025-06-23 15:45:37,33.3,36.0
2025-06-23 15:45:44,33.3,36.0
2025-06-23 15:45:48,33.3,36.0
2025-06-23 15:45:54,33.3,36.0
2025-06-23 15:45:59,33.3,36.0
2025-06-23 15:46:04,33.3,36.0
2025-06-23 15:46:09,33.3,36.0
2025-06-23 15:46:14,33.3,36.0
2025-06-23 15:46:19,33.3,36.0
2025-06-23 15:46:24,33.3,36.0
2025-06-23 15:46:30,33.3,36.0
2025-06-23 15:46:35,33.3,36.0
2025-06-23 15:46:40,33.3,36.0
2025-06-23 15:46:45,33.3,36.0
2025-06-23 15:46:50,33.3,36.0
2025-06-23 15:46:55,33.3,36.0
2025-06-23 15:47:00,33.3,36.0
2025-06-23 15:47:06,33.3,36.0
2025-06-23 15:47:12,33.3,36.0
2025-06-23 15:47:17,33.3,36.0
2025-06-23 15:47:22,33.3,36.0
2025-06-23 15:47:27,33.3,36.0
2025-06-23 15:47:32,33.3,36.0
2025-06-23 15:47:37,33.3,37.0
2025-06-23 15:47:43,33.8,37.0
2025-06-23 15:47:48,33.8,36.0
2025-06-23 15:47:53,33.8,36.0
2025-06-23 15:47:58,33.8,36.0
2025-06-23 15:48:03,33.8,36.0
2025-06-23 15:48:08,33.8,36.0
2025-06-23 15:48:13,33.8,36.0
2025-06-23 15:48:18,33.8,36.0
2025-06-23 15:48:24,33.8,36.0
2025-06-23 15:48:29,33.8,36.0
2025-06-23 15:48:34,33.8,36.0
2025-06-23 15:48:39,33.8,36.0
2025-06-23 15:48:44,33.8,36.0
2025-06-23 15:48:49,33.8,36.0
2025-06-23 15:48:54,33.8,36.0
2025-06-23 15:48:59,33.8,36.0
2025-06-23 15:49:04,33.8,36.0
2025-06-23 15:49:10,33.8,37.0
2025-06-23 15:49:15,33.8,37.0
2025-06-23 15:49:20,33.8,37.0
2025-06-23 15:49:25,33.8,37.0
2025-06-23 15:49:30,33.8,36.0
2025-06-23 15:49:35,33.8,36.0
2025-06-23 15:49:40,33.8,36.0
2025-06-23 15:49:45,33.3,36.0
2025-06-23 15:49:50,33.3,36.0
2025-06-23 15:49:56,33.3,36.0
2025-06-23 15:50:01,33.3,36.0
2025-06-23 15:50:06,33.3,36.0
2025-06-23 15:50:11,33.3,36.0
2025-06-23 15:50:16,33.3,37.0
2025-06-23 15:50:21,33.3,37.0
